{"cameraMode":{"drawMode":0,"name":"Shaded","section":"Shading Mode"},"sceneLighting":false,"audioPlay":false,"sceneViewState":{"m_AlwaysRefresh":false,"showFog":true,"showSkybox":false,"showFlares":true,"showImageEffects":true,"showParticleSystems":true,"showVisualEffectGraphs":true,"m_FxEnabled":true},"in2DMode":false,"pivot":{"x":-1.8450000286102296,"y":1.1349999904632569,"z":0.06000000238418579},"rotation":{"x":0.15647874772548676,"y":-0.7809039354324341,"z":0.21638356149196626,"w":0.5647261142730713},"size":1.104674220085144,"orthographic":false}