{"cameraMode":{"drawMode":0,"name":"Shaded","section":"Shading Mode"},"sceneLighting":true,"audioPlay":false,"sceneViewState":{"m_AlwaysRefresh":false,"showFog":true,"showSkybox":false,"showFlares":true,"showImageEffects":true,"showParticleSystems":true,"showVisualEffectGraphs":true,"m_FxEnabled":true},"in2DMode":false,"pivot":{"x":5.118740081787109,"y":0.17199993133544923,"z":-11.060001373291016},"rotation":{"x":-0.19172827899456025,"y":-0.7025171518325806,"z":0.20605675876140595,"w":-0.653666615486145},"size":1.9616930484771729,"orthographic":false}