{"cameraMode":{"drawMode":0,"name":"Shaded","section":"Shading Mode"},"sceneLighting":false,"audioPlay":false,"sceneViewState":{"m_AlwaysRefresh":false,"showFog":true,"showSkybox":false,"showFlares":true,"showImageEffects":true,"showParticleSystems":true,"showVisualEffectGraphs":true,"m_FxEnabled":true},"in2DMode":false,"pivot":{"x":19.243412017822267,"y":1.5435311794281006,"z":-10.947214126586914},"rotation":{"x":0.15647874772548676,"y":-0.7809039354324341,"z":0.21638356149196626,"w":0.5647261142730713},"size":1.311032772064209,"orthographic":false}