{"cameraMode":{"drawMode":0,"name":"Shaded","section":"Shading Mode"},"sceneLighting":false,"audioPlay":false,"sceneViewState":{"showFog":true,"showMaterialUpdate":false,"showSkybox":false,"showFlares":true,"showImageEffects":true,"showParticleSystems":true},"in2DMode":false,"pivot":{"x":588.2150268554688,"y":294.0,"z":-0.050000011920928958},"rotation":{"x":-0.4588787257671356,"y":0.042906973510980609,"z":-0.022190701216459276,"w":-0.8871848583221436},"size":2239.91259765625,"orthographic":false}