{"cameraMode":{"drawMode":0,"name":"Shaded","section":"Shading Mode"},"sceneLighting":false,"audioPlay":false,"sceneViewState":{"showFog":true,"showMaterialUpdate":false,"showSkybox":false,"showFlares":true,"showImageEffects":true,"showParticleSystems":true},"in2DMode":false,"pivot":{"x":-1.8450000286102296,"y":1.1349999904632569,"z":0.06000000238418579},"rotation":{"x":0.5043634176254273,"y":-0.3641289174556732,"z":0.24720406532287599,"w":0.7429118156433106},"size":1.0171282291412354,"orthographic":false}