{"cameraMode":{"drawMode":0,"name":"Shaded","section":"Shading Mode"},"sceneLighting":true,"audioPlay":false,"sceneViewState":{"showFog":true,"showMaterialUpdate":false,"showSkybox":false,"showFlares":true,"showImageEffects":true,"showParticleSystems":true},"in2DMode":false,"pivot":{"x":2.3977785110473635,"y":-12.0342378616333,"z":0.6689901351928711},"rotation":{"x":-0.4355260133743286,"y":-0.5519077777862549,"z":0.41759049892425539,"w":-0.5756154656410217},"size":33.78153991699219,"orthographic":false}