{"cameraMode":{"drawMode":0,"name":"Shaded","section":"Shading Mode"},"sceneLighting":false,"audioPlay":false,"sceneViewState":{"showFog":true,"showMaterialUpdate":false,"showSkybox":false,"showFlares":true,"showImageEffects":true,"showParticleSystems":true},"in2DMode":false,"pivot":{"x":0.24000000953674317,"y":2.0,"z":-4.349999904632568},"rotation":{"x":0.2240876406431198,"y":-0.12792645394802094,"z":0.02968471311032772,"w":0.9656803011894226},"size":8.573651313781739,"orthographic":false}