{"cameraMode":{"drawMode":0,"name":"Shaded","section":"Shading Mode"},"sceneLighting":true,"audioPlay":false,"sceneViewState":{"showFog":true,"showMaterialUpdate":false,"showSkybox":true,"showFlares":true,"showImageEffects":true,"showParticleSystems":true},"in2DMode":false,"pivot":{"x":2.591984272003174,"y":27.206710815429689,"z":-12.481219291687012},"rotation":{"x":0.59946209192276,"y":0.04146352782845497,"z":-0.031122084707021714,"w":0.7987223863601685},"size":3.67406964302063,"orthographic":false}