{"cameraMode":{"drawMode":0,"name":"Shaded","section":"Shading Mode"},"sceneLighting":false,"audioPlay":false,"sceneViewState":{"showFog":true,"showMaterialUpdate":false,"showSkybox":false,"showFlares":true,"showImageEffects":true,"showParticleSystems":true},"in2DMode":false,"pivot":{"x":-2.1682863235473635,"y":1.1927406787872315,"z":2.677497625350952},"rotation":{"x":-0.00464904448017478,"y":-0.9756994843482971,"z":0.020797979086637498,"w":-0.21807454526424409},"size":0.8522732853889465,"orthographic":false}