{"cameraMode":{"drawMode":0,"name":"Shaded","section":"Shading Mode"},"sceneLighting":false,"audioPlay":false,"sceneViewState":{"showFog":true,"showMaterialUpdate":false,"showSkybox":false,"showFlares":true,"showImageEffects":true,"showParticleSystems":true},"in2DMode":false,"pivot":{"x":-10.035161972045899,"y":2.8071770668029787,"z":5.974536895751953},"rotation":{"x":0.05517781153321266,"y":-0.5889793038368225,"z":0.04035795480012894,"w":0.8052515387535095},"size":4.041658401489258,"orthographic":false}