{"cameraMode":{"drawMode":0,"name":"Shaded","section":"Shading Mode"},"sceneLighting":true,"audioPlay":false,"sceneViewState":{"showFog":true,"showMaterialUpdate":false,"showSkybox":false,"showFlares":true,"showImageEffects":true,"showParticleSystems":true},"in2DMode":false,"pivot":{"x":-10.873340606689454,"y":-1.5627326965332032,"z":1.838303565979004},"rotation":{"x":0.34197109937667849,"y":0.0908377468585968,"z":-0.03323417529463768,"w":0.9347191452980042},"size":23.734127044677736,"orthographic":false}