{"cameraMode":{"drawMode":0,"name":"Shaded","section":"Shading Mode"},"sceneLighting":false,"audioPlay":false,"sceneViewState":{"showFog":true,"showMaterialUpdate":false,"showSkybox":false,"showFlares":true,"showImageEffects":true,"showParticleSystems":true},"in2DMode":false,"pivot":{"x":17.780000686645509,"y":1.0,"z":-10.460000038146973},"rotation":{"x":0.16285040974617005,"y":0.8110634088516235,"z":-0.49418649077415469,"w":0.2672744691371918},"size":3.429462432861328,"orthographic":false}