{"cameraMode":{"drawMode":0,"name":"Shaded","section":"Shading Mode"},"sceneLighting":false,"audioPlay":false,"sceneViewState":{"showFog":true,"showMaterialUpdate":false,"showSkybox":false,"showFlares":true,"showImageEffects":true,"showParticleSystems":true},"in2DMode":false,"pivot":{"x":-0.056061506271362308,"y":0.04718756675720215,"z":0.8420947790145874},"rotation":{"x":0.286195307970047,"y":-0.6404353380203247,"z":0.27958759665489199,"w":0.655565083026886},"size":1.6914169788360596,"orthographic":false}