{"cameraMode":{"drawMode":0,"name":"Shaded","section":"Shading Mode"},"sceneLighting":true,"audioPlay":false,"sceneViewState":{"showFog":true,"showMaterialUpdate":false,"showSkybox":false,"showFlares":true,"showImageEffects":true,"showParticleSystems":true},"in2DMode":false,"pivot":{"x":2.30876088142395,"y":-10.837749481201172,"z":7.8229475021362309},"rotation":{"x":-0.47889086604118349,"y":-0.5130300521850586,"z":0.43628549575805666,"w":-0.5631329417228699},"size":32.917415618896487,"orthographic":false}