{"cameraMode":{"drawMode":0,"name":"Shaded","section":"Shading Mode"},"sceneLighting":true,"audioPlay":false,"sceneViewState":{"showFog":true,"showMaterialUpdate":false,"showSkybox":true,"showFlares":true,"showImageEffects":true,"showParticleSystems":true},"in2DMode":false,"pivot":{"x":-24.860000610351564,"y":1.2300000190734864,"z":-11.260000228881836},"rotation":{"x":-0.5476918816566467,"y":0.007554752752184868,"z":-0.004944705870002508,"w":-0.8366314172744751},"size":5.715779781341553,"orthographic":false}