{"cameraMode":{"drawMode":0,"name":"Shaded","section":"Shading Mode"},"sceneLighting":true,"audioPlay":false,"sceneViewState":{"showFog":true,"showMaterialUpdate":false,"showSkybox":false,"showFlares":true,"showImageEffects":true,"showParticleSystems":true},"in2DMode":false,"pivot":{"x":-5.623462677001953,"y":-8.406055450439454,"z":-11.739365577697754},"rotation":{"x":-0.20553186535835267,"y":0.7941828966140747,"z":-0.3922249674797058,"w":-0.4161607325077057},"size":32.917415618896487,"orthographic":false}