{"cameraMode":{"drawMode":0,"name":"Shaded","section":"Shading Mode"},"sceneLighting":true,"audioPlay":false,"sceneViewState":{"showFog":true,"showMaterialUpdate":false,"showSkybox":false,"showFlares":true,"showImageEffects":true,"showParticleSystems":true},"in2DMode":false,"pivot":{"x":-5.3871917724609379,"y":4.80255651473999,"z":3.076972007751465},"rotation":{"x":0.2597149908542633,"y":0.5174230933189392,"z":-0.1684476137161255,"w":0.7977762222290039},"size":1.0171282291412354,"orthographic":false}